texte,theme,statut,autoriser_lien,publie_le,tweet_id
"Avant d'automatiser quoi que ce soit : notez pendant une semaine chaque tâche répétitive et le temps réel qu'elle prend. Pas le temps que vous imaginez. La plupart des gens se trompent d'un facteur deux, dans un sens comme dans l'autre.",methode,a publier,,,
"Un workflow sans branche d'erreur échoue en silence. Vous le découvrez le jour où un client s'étonne de n'avoir rien reçu depuis un mois. Cinq minutes de travail au départ, un mois de dégâts évités.",erreur,a publier,,,
"Une tâche de 5 minutes faite 3 fois par jour coûte 7h30 par mois. La corvée d'une heure faite une fois par mois en coûte une. Devinez laquelle attire l'attention.",chiffre,a publier,,,
"n8n, Zapier ou Make ? Zapier facture à la tâche exécutée. n8n facture à l'exécution du workflow. Un workflow qui traite mille lignes compte pour une exécution. Sur du traitement par lot, l'écart devient énorme.",outil,a publier,,,
"Quelle est la tâche que vous refaites chaque semaine à la main, et que vous n'avez jamais pris le temps d'automatiser ?",question,a publier,,,
"Ne testez jamais un nouveau workflow sur vos vraies données. Le premier test qui envoie deux cents emails à de vrais clients est une expérience dont on se souvient longtemps.",erreur,a publier,,,
"Classez vos automatisations sur deux axes : temps gagné par mois, effort de mise en place. Commencez par le meilleur rapport entre les deux. Gain faible et effort important : ne le faites jamais.",methode,a publier,,,
"Premier workflow utile en une après-midi : un déclencheur horaire, un lecteur de flux RSS, un filtre sur mots-clés, un envoi vers Slack. Une veille automatisée qui tourne dès demain matin.",tutoriel,a publier,,,
"Un workflow de quarante nœuds est impossible à déboguer. Découpez-le en plusieurs workflows appelés les uns par les autres. Chacun reste lisible et testable seul.",erreur,a publier,,,
"Automatiser n'est pas un luxe de grande entreprise. C'est refuser de refaire à la main, chaque semaine, ce qu'une machine fait mieux et sans se tromper.",observation,a publier,,,
"n8n peut être hébergé chez vous. Pour un cabinet qui manipule des données clients, ce seul point tranche le débat avant même la question du prix.",outil,a publier,,,
"Une clé d'API écrite en dur dans un nœud finit toujours par être partagée par accident lors d'un export. Les identifiants sécurisés existent pour ça, utilisez-les dès le premier workflow.",erreur,a publier,,,
"Une automatisation qui n'a pas de chiffre avant et après n'est pas une automatisation. C'est un passe-temps.",observation,a publier,,,
"Vous automatisez avec quoi aujourd'hui : Zapier, Make, n8n, du code maison, ou encore rien du tout ?",question,a publier,,,
"Relance de factures impayées : triez par jours de retard et adaptez le ton. Rappel à 5 jours, ferme à 15, mise en demeure à 45. Une relance trop dure au premier oubli fait perdre des clients qui allaient payer.",tutoriel,a publier,,,
"Dans six mois, vous ne saurez plus pourquoi ce nœud filtre cette valeur. Une phrase de commentaire suffit. Écrivez-la le jour où vous le construisez, jamais après.",erreur,a publier,,,
"Une veille qu'on ne lit pas coûte plus cher que pas de veille du tout : elle donne l'illusion d'être informé.",observation,a publier,,,
"Certaines tâches changent trop souvent pour valoir un workflow. Les laisser de côté n'est pas un échec : c'est ce qui vous laisse le temps de bien traiter les autres.",methode,a publier,,,
"Scoring de leads en quatre règles : adresse professionnelle, message détaillé, téléphone renseigné, entreprise indiquée. Au-delà d'un seuil, priorité haute. Gardez peu de règles, et toutes explicables.",tutoriel,a publier,,,
"Le taux d'ouverture d'un email est toujours sous-estimé. Gmail met le pixel de suivi en cache, Apple Mail le déclenche sans que personne ne lise. Le clic reste un signal bien plus fiable.",observation,a publier,,,
"Combien d'heures par semaine estimez-vous perdre sur des tâches qu'une machine pourrait faire à votre place ?",question,a publier,,,
"Sauvegarde automatique : n'écrasez jamais la précédente. Si une corruption passe inaperçue une journée, il ne reste plus aucune version saine. Horodatez chaque sauvegarde, et purgez au-delà de trente jours.",tutoriel,a publier,,,
"Automatiser un mauvais process ne le corrige pas. Ça le rend juste plus rapide à échouer.",observation,a publier,,,
"Un chantier d'automatisation commence par un chiffre et se termine par le même chiffre, mesuré. Sans ça, personne ne sait si ça a servi à quelque chose.",methode,a publier,,,
"Le meilleur workflow n'est pas le plus impressionnant. C'est celui qui tourne encore dans six mois sans que personne n'y ait touché.",observation,a publier,,,
"Un déclencheur horaire, un webhook, un formulaire : trois façons de démarrer un workflow. La grande majorité des besoins tient dans ces trois-là.",outil,a publier,,,
"Vous préférez un outil simple mais limité, ou puissant mais qui demande une journée d'apprentissage avant le premier résultat ?",question,a publier,,,
"Surveillance de site en trois nœuds : un intervalle de quinze minutes, un appel HTTP, une condition sur la réponse. Sans alerte, une panne se découvre par un client mécontent.",tutoriel,a publier,,,
"Le filtre est la partie qui compte dans une veille. Commencez large pendant une semaine, notez ce que vous ignorez systématiquement, puis resserrez. Un bon filtre se règle en observant, pas en devinant.",methode,a publier,,,
"Ne livrez jamais une boîte noire. Une mission d'automatisation se termine quand le client sait faire tourner et modifier ce qui a été construit, sans vous.",observation,a publier,,,
